k1_name;k2_name;classification;knn;logistic_regression;mlp;xgb
S_O5;S_O5;1;1;1;0;1
R_S3;R_S3;1;0;1;0;1
R_S3;P_K1;1;0;1;0;1
R_S3;S_K4;0;0;1;1;1
R_S3;S_K1;0;1;0;1;1
R_S3;R_T1;1;0;1;0;1
R_S3;R_S4;1;0;1;0;1
R_S3;S_L8;1;1;1;1;0
R_S3;S_J5;0;0;1;0;0
R_S3;S_O2;1;0;1;0;1
R_S3;S_O4;1;0;1;0;1
R_S3;R_E2;1;1;1;1;1
R_S3;R_P1;1;0;0;0;0
P_K1;R_S3;1;1;0;1;0
P_K1;R_T1;0;1;0;1;0
P_K1;R_S4;1;1;0;1;1
S_K4;R_S3;0;0;0;0;0
S_K4;R_T1;0;0;0;0;0
S_K4;S_O4;0;1;0;0;1
S_K1;R_S3;0;0;0;0;1
S_K1;R_T1;0;1;0;1;1
S_K1;S_O2;1;1;0;1;1
S_K1;S_O4;1;0;1;0;0
R_T1;R_S3;1;1;0;1;1
R_T1;P_K1;0;0;0;0;0
R_T1;S_K4;0;1;0;1;0
R_T1;S_K1;0;0;1;0;0
R_T1;R_T1;1;0;1;1;0
R_T1;R_S4;1;0;0;0;1
R_T1;S_L8;0;1;0;1;1
R_T1;S_J5;0;1;0;1;1
R_T1;S_O4;1;0;1;1;0
R_T1;R_E2;0;0;0;0;0
R_T1;R_P1;1;0;1;1;1
R_S4;R_S3;1;0;0;0;1
R_S4;R_T1;1;1;0;1;1
R_S4;R_S4;1;0;0;0;0
R_S4;S_L8;0;0;0;0;1
R_S4;S_O2;0;1;0;1;1
R_S4;S_O4;1;1;0;1;0
R_S4;R_E2;0;0;0;1;1
R_S4;R_P1;1;0;1;0;1
S_L8;R_S3;1;1;0;0;0
S_L8;R_T1;0;0;0;0;0
S_L8;R_S4;0;0;0;0;0
S_L8;S_O4;1;1;0;1;0
S_L8;R_P1;1;1;0;1;1
S_J5;R_S3;0;1;0;1;1
S_J5;R_T1;0;1;0;0;0
S_J5;R_S4;0;0;0;1;0
S_J5;S_O4;1;0;0;0;0
S_O2;R_S3;1;0;0;1;0
S_O2;R_T1;0;1;0;1;0
S_O2;S_O2;1;0;0;0;0
S_O2;S_O4;1;0;0;0;0
S_O4;R_S3;1;0;0;0;0
S_O4;P_K1;1;0;1;0;0
S_O4;S_K4;1;1;0;0;0
S_O4;S_K1;1;0;0;1;1
S_O4;R_T1;1;0;1;0;0
S_O4;R_S4;1;0;1;0;0
S_O4;S_L8;1;0;0;0;1
S_O4;S_J5;1;0;0;0;1
S_O4;S_O2;1;0;0;1;0
S_O4;S_O4;1;1;1;1;0
S_O4;R_E2;1;1;0;1;1
S_O4;R_P1;1;1;0;1;0
R_E2;R_S3;0;0;0;0;0
R_E2;R_T1;0;0;0;0;0
R_E2;R_S4;0;0;0;0;0
R_E2;S_O4;1;0;0;0;0
R_P1;R_S3;1;0;0;0;0
R_P1;P_K1;1;0;0;1;0
R_P1;R_T1;1;1;0;1;0
R_P1;R_S4;1;0;0;0;0
R_P1;S_O4;1;1;0;1;1
S_O5;P_E8;1;1;0;1;1
S_O5;R_X2;1;0;0;0;0
S_O5;P_D1;0;0;0;0;0
S_O5;R_X1;0;1;0;0;1
S_O5;R_H1;0;1;0;1;1
S_O5;P_H1;1;0;0;0;0
R_N1;P_E8;1;0;0;0;0
R_N1;P_I1;1;1;0;1;1
S_J4;P_E8;0;1;0;1;0
R_S3;S_O1;1;1;0;0;0
R_S3;P_E8;1;1;0;0;0
R_S3;R_X2;0;1;0;1;1
R_S3;R_D2;0;0;1;0;1
R_S3;P_D1;0;1;0;1;1
R_S3;R_X1;0;1;0;1;1
R_S3;P_J1;1;0;0;0;0
R_S3;R_H1;0;0;0;1;0
R_S3;R_I1;0;1;0;0;0
R_S3;P_H1;1;1;0;1;0
R_S3;P_F1;1;0;0;0;0
R_S3;P_G3;0;0;0;0;0
P_K1;P_E8;1;0;0;1;0
P_K1;P_D1;1;0;0;0;0
P_K1;P_J1;0;0;0;0;1
P_K1;R_H1;0;0;0;0;0
P_K1;R_I1;0;1;1;1;1
P_K1;P_H1;0;0;0;1;0
P_K1;P_F1;0;0;1;0;1
S_K4;P_E8;0;1;0;1;1
S_K4;P_D1;1;1;0;1;1
S_K4;R_X1;0;0;0;0;1
S_K4;P_J1;0;1;0;0;0
S_K4;R_H1;0;1;0;0;0
S_K4;P_H1;0;0;0;0;0
S_K1;P_E8;0;0;0;0;0
S_K1;P_D1;1;1;1;0;1
S_K1;R_X1;0;0;0;1;0
S_K1;R_H1;0;0;0;0;1
S_K1;R_I1;0;0;0;0;0
S_K1;P_H1;0;0;1;1;0
R_T1;S_O1;1;0;1;1;0
R_T1;P_E8;0;1;0;1;1
R_T1;R_X2;1;1;0;1;1
R_T1;R_D2;0;0;0;0;0
R_T1;P_D1;0;1;0;1;1
R_T1;R_X1;0;1;0;1;0
R_T1;P_J1;0;0;0;0;0
R_T1;R_H1;0;1;0;0;1
R_T1;R_I1;0;0;0;0;0
R_T1;P_H1;1;1;0;1;1
R_T1;P_F1;1;1;0;1;1
R_T1;P_G3;0;0;0;0;0
R_S4;S_O1;1;0;0;0;1
R_S4;P_E8;0;0;0;0;0
R_S4;R_X2;1;0;0;0;0
R_S4;R_D2;0;0;0;0;0
R_S4;P_D1;0;0;0;0;0
R_S4;R_X1;0;1;0;1;1
R_S4;P_J1;1;0;0;1;1
R_S4;R_H1;0;1;0;1;0
R_S4;R_I1;0;1;1;0;1
R_S4;P_H1;0;0;1;0;0
R_S4;P_F1;1;0;0;0;0
R_S4;P_G3;0;0;0;0;0
S_L8;S_O1;1;1;0;1;1
S_L8;R_X2;0;1;0;0;1
S_L8;P_D1;0;0;0;0;1
S_L8;P_E2;1;0;0;0;1
S_L8;R_X1;0;1;0;1;1
S_L8;P_J1;1;0;0;0;1
S_L8;R_H1;0;1;1;1;0
S_L8;R_I1;0;1;0;1;0
S_L8;P_H1;0;1;0;1;1
S_L8;P_F1;0;1;0;1;1
S_J5;P_E8;0;1;1;1;0
S_J5;P_D1;1;1;1;0;1
S_J5;R_X1;1;0;0;1;0
S_J5;P_J1;0;0;0;0;1
S_J5;R_H1;0;0;0;0;0
S_J5;R_I1;0;1;0;1;1
S_J5;P_H1;0;0;0;0;0
S_O2;S_O1;0;1;0;1;0
S_O2;P_E8;1;1;0;1;0
S_O2;R_X2;1;0;0;1;0
S_O2;P_D1;0;0;1;0;0
S_O2;R_X1;0;0;0;0;0
S_O2;R_H1;0;1;0;1;0
S_O2;P_H1;1;0;0;0;0
S_O4;S_O1;1;0;0;0;0
S_O4;P_E8;1;0;1;0;0
S_O4;R_X2;1;1;0;0;0
S_O4;R_D2;0;1;0;1;1
S_O4;P_D1;0;0;0;1;1
S_O4;P_E2;0;1;1;1;1
S_O4;R_X1;0;0;0;0;0
S_O4;P_J1;1;1;0;1;1
S_O4;R_H1;1;0;0;1;1
S_O4;R_I1;0;0;0;0;1
S_O4;P_H1;1;0;0;1;1
S_O4;P_F1;1;1;0;1;0
S_O4;P_G3;0;0;0;0;1
R_E2;P_E8;0;0;0;1;1
R_E2;R_X1;0;1;1;0;0
R_E2;P_J1;0;1;0;1;0
R_E2;R_H1;0;1;0;1;0
R_E2;R_I1;0;1;0;1;1
R_E2;P_H1;0;0;0;0;0
R_P1;P_E8;0;0;0;1;1
R_P1;R_X2;1;0;1;0;1
R_P1;P_D1;0;1;1;1;0
R_P1;R_X1;0;0;1;0;0
R_P1;R_H1;0;0;0;0;0
R_P1;R_I1;0;1;1;0;0
R_P1;P_H1;0;1;0;1;0
R_P1;P_F1;1;0;0;0;0
S_O5;P_E6;1;1;0;1;1
S_O5;R_J4;1;0;0;0;0
S_O5;R_J7;1;0;0;0;0
R_N1;P_E6;1;1;0;1;0
R_N1;R_A1;1;1;0;1;1
R_N1;R_A2;0;1;0;1;1
S_J4;P_E6;1;0;0;0;0
R_S3;S_J1;1;0;0;0;0
R_S3;P_C4;0;1;0;1;1
R_S3;P_E6;1;0;0;0;0
R_S3;R_J4;1;0;0;0;0
R_S3;R_A1;0;1;0;1;0
R_S3;S_J6;1;0;0;0;0
R_S3;S_I1;0;0;0;0;0
R_S3;R_J7;1;0;0;0;0
R_S3;R_B2;0;0;0;0;0
R_S3;P_C1;0;1;0;1;0
R_S3;S_K5;0;0;0;0;0
P_K1;P_E6;1;0;0;0;0
P_K1;R_J4;1;0;0;1;0
S_K4;P_E6;1;0;0;0;0
S_K4;R_J4;1;0;0;1;0
S_K4;R_B2;0;0;0;0;0
S_K1;P_E6;1;1;0;0;0
S_K1;R_J4;1;1;0;1;1
S_K1;R_A1;0;1;0;0;1
S_K1;R_B2;1;0;0;0;0
R_T1;S_J1;1;0;0;0;0
R_T1;P_E6;0;0;0;0;0
R_T1;R_J4;0;1;0;1;1
R_T1;S_I1;0;1;0;1;1
R_T1;R_J7;1;1;0;1;0
R_T1;P_C1;0;1;0;1;1
R_T1;S_K5;0;0;0;0;0
R_S4;S_J1;0;1;1;1;1
R_S4;P_E6;0;1;0;1;1
R_S4;S_J6;0;1;0;1;1
R_S4;S_I1;1;0;0;0;1
R_S4;R_J7;0;0;0;0;1
R_S4;R_B2;0;0;0;1;1
R_S4;P_C1;0;0;0;1;1
R_S4;S_K5;0;0;1;0;0
S_L8;P_E6;1;0;0;0;0
S_L8;R_J7;0;0;0;0;1
S_J5;P_E6;1;1;0;1;1
S_J5;R_J4;1;0;0;0;0
S_J5;R_B2;0;0;0;0;0
S_O2;P_E6;1;1;0;0;0
S_O2;R_J4;1;0;0;0;0
S_O2;R_J7;1;0;0;0;0
S_O4;S_J1;1;0;0;1;0
S_O4;P_C4;0;1;1;1;1
S_O4;P_E6;1;0;0;0;0
S_O4;R_J4;1;0;0;1;0
S_O4;S_J6;1;0;0;0;0
S_O4;S_I1;1;1;0;1;0
S_O4;R_J7;1;0;0;0;0
S_O4;R_B2;1;0;0;0;0
S_O4;P_C1;0;1;0;1;1
S_O4;S_K5;1;1;0;1;1
R_E2;P_E6;1;1;0;0;0
R_E2;R_A1;0;0;0;0;1
R_P1;P_E6;0;1;0;1;1
R_P1;R_J4;0;1;0;1;0
R_P1;R_J7;1;1;0;1;1
R_S3;S_P15;1;1;0;1;1
R_S3;S_P4;1;1;1;1;1
R_S3;S_P5;0;1;0;1;1
R_S3;S_P38;1;0;0;0;1
R_S3;S_P16;1;1;1;1;1
R_S3;S_P37;1;1;1;1;1
R_S3;S_D3;1;1;1;1;0
R_S3;S_P22;1;1;0;0;1
R_S3;S_D5;1;0;0;0;1
R_S3;S_P40;1;1;0;1;1
R_S3;S_P19;1;1;0;1;0
R_S3;S_P9;0;0;0;0;0
P_K1;S_P4;1;1;0;1;0
P_K1;S_P38;1;1;0;1;1
S_K4;S_P4;0;0;0;0;1
S_K1;S_P4;0;1;0;1;1
R_T1;S_P15;0;0;0;1;0
R_T1;S_P4;1;1;0;0;1
R_T1;S_P5;0;0;0;0;1
R_T1;S_P38;0;1;0;1;0
R_T1;S_P16;0;0;0;0;0
R_T1;S_P37;0;0;0;1;0
R_T1;S_D3;0;1;0;1;1
R_T1;S_P22;0;1;1;1;1
R_T1;S_D5;0;0;0;0;0
R_T1;S_P40;1;1;0;0;0
R_T1;S_P19;0;0;0;0;1
R_T1;S_P9;0;0;0;1;1
R_S4;S_P4;1;1;0;0;1
R_S4;S_P38;0;1;0;1;1
R_S4;S_P16;0;0;0;0;1
R_S4;S_P37;1;1;0;1;1
R_S4;S_P40;1;0;1;0;1
S_L8;S_P4;1;1;0;0;1
S_L8;S_P38;0;1;1;1;1
S_L8;S_P40;1;1;0;0;0
S_J5;S_P4;0;1;1;1;0
S_J5;S_P38;0;1;0;1;0
S_O2;S_P15;1;1;0;0;1
S_O2;S_P38;1;1;0;1;1
S_O2;S_P37;1;1;1;1;1
S_O2;S_O3;0;1;0;1;1
S_O2;S_P9;1;0;1;0;0
S_O4;S_P15;0;1;1;0;0
S_O4;S_P4;1;1;0;1;0
S_O4;S_P5;0;0;1;0;0
S_O4;S_P38;1;1;1;1;0
S_O4;S_P16;0;0;1;0;0
S_O4;S_P37;1;1;0;1;0
S_O4;S_D3;1;0;0;0;1
S_O4;S_P22;0;0;0;0;0
S_O4;S_D5;1;1;0;0;1
S_O4;S_P40;1;0;0;0;0
S_O4;S_P19;0;1;1;1;1
S_O4;S_O3;0;0;1;0;0
S_O4;S_P9;0;1;1;1;1
R_E2;S_P4;0;1;0;1;1
R_E2;S_P38;0;1;1;1;1
R_E2;S_P40;0;0;1;0;0
R_P1;S_P4;1;0;0;0;0
R_P1;S_P38;0;0;0;0;0
R_P1;S_P37;0;1;0;1;1
R_P1;S_P40;1;1;1;1;0
S_O1;R_S3;1;1;0;1;1
S_O1;S_K1;1;1;0;1;1
S_O1;R_T1;1;0;0;0;0
S_O1;R_S4;0;0;1;0;0
S_O1;S_L8;1;0;0;0;0
S_O1;R_P1;0;1;0;1;0
P_E8;S_J5;0;0;1;0;0
P_E8;S_O2;1;1;0;1;0
P_E8;S_O4;1;1;0;1;0
P_E8;R_E2;1;0;0;0;0
P_E8;R_P1;0;0;0;0;0
R_X2;S_O5;1;0;0;1;0
R_X2;R_S3;0;0;0;0;0
R_X2;R_T1;0;0;0;0;0
R_X2;R_S4;0;0;0;0;0
R_X2;S_L8;0;1;0;1;0
R_X2;S_O2;1;1;0;1;0
R_X2;S_O4;1;0;0;0;0
R_X2;R_P1;1;0;0;0;0
R_D2;R_S3;0;0;0;0;0
R_D2;R_T1;0;0;0;0;0
R_D2;R_S4;0;0;0;1;0
R_D2;S_O4;0;0;0;0;0
P_D1;S_O5;0;0;0;0;0
P_D1;R_S3;0;1;0;1;0
P_D1;P_K1;1;0;0;0;0
P_D1;S_K1;1;1;0;1;0
P_D1;R_T1;0;1;0;1;1
P_D1;R_S4;0;0;0;0;0
P_D1;S_L8;0;0;0;0;0
P_D1;S_J5;1;1;0;1;0
P_D1;S_O2;0;0;0;0;0
P_D1;S_O4;0;0;0;1;0
P_D1;R_E2;1;0;0;0;0
P_D1;R_P1;0;1;0;0;1
P_E2;R_N1;1;1;0;0;1
R_X1;R_S3;0;1;0;0;1
R_X1;S_K4;0;1;0;1;1
R_X1;R_T1;0;0;0;0;0
R_X1;R_S4;0;0;0;0;0
R_X1;S_J5;0;0;0;0;0
R_X1;S_O2;0;0;0;0;0
R_X1;S_O4;0;1;0;0;0
R_X1;R_E2;1;1;0;0;0
R_X1;R_P1;0;1;0;1;1
P_I1;R_N1;1;0;0;0;0
P_J1;R_S3;1;1;0;1;1
P_J1;P_K1;0;0;0;1;0
P_J1;S_K4;0;0;0;0;0
P_J1;S_K1;0;0;0;0;1
P_J1;R_T1;1;0;0;0;0
P_J1;R_S4;1;1;0;0;1
P_J1;S_L8;1;0;0;0;0
P_J1;S_J5;0;1;0;1;1
P_J1;S_O4;1;1;0;1;1
P_J1;R_E2;1;0;0;0;0
P_J1;R_P1;1;0;0;0;0
R_H1;S_O5;0;0;0;1;1
R_H1;R_S3;0;0;0;1;0
R_H1;P_K1;0;0;0;0;0
R_H1;R_T1;0;0;0;1;0
R_H1;R_S4;0;1;0;1;1
R_H1;S_L8;0;0;0;0;1
R_H1;S_O2;1;1;0;1;0
R_H1;S_O4;1;0;0;0;0
R_H1;R_E2;1;1;0;0;0
R_H1;R_P1;0;0;0;0;0
R_I1;R_N1;1;0;0;0;0
R_I1;R_S3;0;0;0;0;0
R_I1;P_K1;0;1;0;1;0
R_I1;S_K4;0;1;0;1;1
R_I1;S_K1;0;1;0;1;1
R_I1;R_T1;0;0;0;0;0
R_I1;R_S4;0;1;0;1;0
R_I1;S_L8;0;1;1;1;0
R_I1;S_J5;0;0;0;0;1
R_I1;S_O4;0;0;0;0;0
R_I1;R_E2;1;0;0;0;0
R_I1;R_P1;0;1;0;0;0
P_H1;S_O5;1;0;0;0;0
P_H1;R_N1;0;1;0;1;0
P_H1;R_S3;1;0;0;0;0
P_H1;S_K4;0;0;1;0;0
P_H1;S_K1;0;1;1;1;1
P_H1;R_T1;1;1;0;1;0
P_H1;R_S4;0;0;0;0;1
P_H1;S_L8;0;0;0;0;0
P_H1;S_O2;1;0;0;0;0
P_H1;S_O4;1;0;0;1;0
P_H1;R_E2;0;1;0;1;1
P_H1;R_P1;0;0;0;0;0
P_F1;R_S3;1;0;0;0;0
P_F1;P_K1;0;1;0;1;1
P_F1;R_T1;1;0;0;0;0
P_F1;R_S4;1;1;0;1;0
P_F1;S_L8;0;1;0;1;1
P_F1;S_O4;1;0;0;0;1
P_G3;R_S3;0;1;0;1;1
P_G3;R_T1;0;1;0;1;0
P_G3;R_S4;0;0;0;0;0
P_G3;S_O4;0;1;0;1;0
S_O1;S_O1;1;0;0;0;0
S_O1;P_E8;1;1;0;0;1
S_O1;R_X2;1;0;0;0;0
S_O1;R_D2;1;1;0;1;1
S_O1;P_D1;0;0;0;0;0
S_O1;R_X1;1;0;0;1;0
S_O1;P_J1;0;0;0;0;1
S_O1;R_H1;1;0;0;1;1
S_O1;P_H1;1;0;0;1;0
S_O1;P_F1;1;0;0;0;1
S_O1;P_G3;0;1;0;0;1
P_E8;S_O1;1;0;1;0;0
P_E8;P_E8;1;1;1;1;1
P_E8;R_X2;1;0;0;1;0
P_E8;R_D2;1;1;1;1;1
P_E8;P_D1;1;1;0;1;1
P_E8;P_E2;1;1;1;1;1
P_E8;R_X1;1;1;0;1;1
P_E8;P_I1;1;0;0;0;0
P_E8;P_J1;0;1;0;1;1
P_E8;R_H1;1;0;0;0;1
P_E8;R_I1;1;0;0;0;1
P_E8;P_H1;0;1;0;1;1
P_E8;S_M1;0;1;0;1;0
P_E8;P_F1;0;0;1;0;0
P_E8;P_G3;1;0;1;0;0
R_X2;S_O1;1;1;0;1;1
R_X2;P_E8;1;1;0;1;1
R_X2;R_X2;1;0;0;0;0
R_X2;R_D2;0;0;0;0;0
R_X2;P_D1;0;0;0;0;0
R_X2;R_X1;0;0;0;0;0
R_X2;P_J1;1;0;0;1;0
R_X2;R_H1;0;1;0;1;1
R_X2;R_I1;0;1;1;1;0
R_X2;P_H1;0;0;0;0;1
R_X2;P_G3;0;0;0;0;0
R_D2;S_O1;1;1;1;1;0
R_D2;P_E8;1;1;0;1;1
R_D2;P_D1;0;0;0;1;1
R_D2;R_X1;0;0;0;0;1
R_D2;P_J1;0;0;0;1;1
R_D2;R_H1;0;0;0;1;0
R_D2;R_I1;1;0;0;1;1
R_D2;P_H1;0;0;1;0;0
P_D1;S_O1;0;1;0;0;1
P_D1;P_E8;1;1;0;1;1
P_D1;R_D2;0;1;0;1;1
P_D1;P_D1;0;1;1;1;1
P_D1;P_E2;1;1;0;1;1
P_D1;R_X1;0;0;0;0;0
P_D1;P_I1;0;1;0;1;0
P_D1;P_J1;0;1;0;0;0
P_D1;R_H1;1;1;0;1;1
P_D1;R_I1;1;0;0;1;0
P_D1;P_H1;1;0;0;0;0
P_D1;P_F1;0;0;0;0;0
P_D1;P_G3;0;0;0;0;0
P_E2;P_E8;1;1;0;1;1
P_E2;P_E2;0;0;0;0;0
P_E2;P_I1;1;0;0;0;0
P_E2;P_H1;0;1;0;1;1
R_X1;S_O1;0;0;0;1;0
R_X1;P_E8;1;0;0;0;0
R_X1;R_X2;1;0;0;1;0
R_X1;R_D2;0;0;0;0;0
R_X1;P_D1;0;1;0;1;0
R_X1;R_X1;0;1;0;1;0
R_X1;P_J1;0;0;0;0;0
R_X1;R_H1;0;0;0;0;0
R_X1;R_I1;0;1;0;0;0
R_X1;P_H1;0;0;0;0;0
R_X1;P_G3;0;0;0;1;0
P_I1;P_E8;1;0;0;0;0
P_I1;P_D1;0;0;0;0;0
P_I1;P_I1;1;1;0;1;1
P_J1;S_O1;0;0;0;0;0
P_J1;P_E8;1;1;0;1;0
P_J1;R_X2;1;0;0;0;0
P_J1;R_D2;1;1;0;0;1
P_J1;P_D1;0;0;0;0;0
P_J1;R_X1;0;1;0;1;1
P_J1;P_J1;1;0;0;0;0
P_J1;R_H1;0;0;0;0;0
P_J1;R_I1;0;1;0;0;1
P_J1;P_H1;1;0;0;0;1
P_J1;P_F1;1;0;0;0;0
R_H1;S_O1;1;0;0;0;0
R_H1;P_E8;1;1;0;1;0
R_H1;R_X2;0;1;0;0;1
R_H1;R_D2;0;0;0;0;1
R_H1;P_D1;1;1;0;1;0
R_H1;R_X1;0;1;0;1;0
R_H1;P_I1;0;0;0;0;0
R_H1;P_J1;0;0;0;0;0
R_H1;R_H1;0;1;0;1;0
R_H1;R_I1;0;0;0;0;0
R_H1;P_H1;0;1;0;1;0
R_H1;P_F1;0;1;0;1;0
R_H1;P_G3;0;0;0;0;1
R_I1;S_O1;0;0;0;0;0
R_I1;P_E8;1;1;0;1;0
R_I1;R_X2;1;0;0;0;0
R_I1;R_D2;1;0;0;0;0
R_I1;P_D1;1;0;0;0;0
R_I1;P_E2;1;0;0;0;0
R_I1;P_J1;0;0;0;0;0
R_I1;R_H1;0;0;0;0;0
R_I1;R_I1;0;1;0;0;0
R_I1;P_H1;0;0;0;1;0
R_I1;P_F1;0;0;0;0;0
R_I1;P_G3;1;1;0;1;1
P_H1;S_O1;1;0;0;0;0
P_H1;P_E8;0;0;0;0;0
P_H1;R_X2;0;0;0;0;0
P_H1;R_D2;0;0;0;0;0
P_H1;P_D1;0;0;0;0;0
P_H1;R_X1;0;1;0;0;0
P_H1;P_I1;0;0;0;0;1
P_H1;P_J1;1;1;1;1;1
P_H1;R_H1;0;0;0;0;1
P_H1;R_I1;0;1;0;1;1
P_H1;P_H1;0;1;0;0;0
P_H1;P_F1;0;0;0;0;0
P_H1;P_G3;1;1;0;1;1
S_M1;P_E8;0;1;0;1;1
P_F1;S_O1;1;1;1;1;1
P_F1;P_E8;0;1;0;1;1
P_F1;P_D1;0;0;0;0;1
P_F1;P_E2;0;1;0;1;1
P_F1;P_J1;1;1;1;1;1
P_F1;R_H1;0;0;0;0;0
P_F1;R_I1;0;0;0;0;1
P_F1;P_H1;0;0;0;0;0
P_F1;P_F1;0;1;0;1;1
P_G3;S_O1;0;0;0;0;0
P_G3;P_E8;1;1;0;1;0
P_G3;R_X2;0;1;0;1;0
P_G3;P_D1;0;1;0;0;0
P_G3;R_X1;0;0;0;0;0
P_G3;P_J1;1;0;0;0;0
P_G3;R_H1;0;1;0;1;1
P_G3;R_I1;1;1;0;0;0
P_G3;P_H1;1;0;0;0;0
S_O1;P_C4;0;0;0;1;0
S_O1;P_E6;0;1;0;1;1
S_O1;R_J4;1;0;0;0;0
S_O1;S_I1;1;1;0;0;1
S_O1;R_J7;1;1;0;1;0
S_O1;R_B2;1;0;0;0;0
S_O1;P_C1;0;1;1;1;1
S_O1;S_K5;1;0;0;0;1
P_E8;S_J1;0;1;0;0;1
P_E8;P_C4;1;1;0;0;1
P_E8;P_E6;1;1;1;1;1
P_E8;R_J4;0;0;0;1;1
P_E8;R_A1;0;0;0;1;0
P_E8;S_J6;1;1;0;1;1
P_E8;S_I1;0;0;0;0;0
P_E8;R_J7;0;0;0;1;0
P_E8;S_I2;0;1;0;0;1
P_E8;S_L1;0;1;0;1;0
P_E8;R_A2;0;0;0;1;1
P_E8;R_B2;1;0;0;0;0
P_E8;P_C1;0;0;0;0;0
P_E8;S_K5;0;0;0;0;0
R_X2;P_C4;0;1;0;1;1
R_X2;P_E6;1;1;0;1;1
R_X2;R_J4;1;0;0;0;0
R_X2;S_J6;0;1;1;1;1
R_X2;R_J7;0;0;0;0;0
R_X2;R_B2;0;1;1;1;0
R_D2;P_E6;1;0;0;0;0
R_D2;R_J4;1;1;1;1;0
R_D2;R_J7;0;0;0;0;0
R_D2;R_B2;0;1;1;1;1
P_D1;S_J1;1;0;0;0;0
P_D1;P_C4;0;0;0;0;0
P_D1;P_E6;1;1;0;1;1
P_D1;R_J4;0;0;0;0;1
P_D1;R_A1;1;1;0;1;1
P_D1;S_I1;1;1;0;1;1
P_D1;R_J7;0;0;1;1;0
P_D1;S_I2;1;1;0;1;0
P_D1;S_L1;1;0;0;0;1
P_D1;R_A2;1;1;0;1;0
P_D1;R_B2;0;0;0;1;1
P_D1;P_C1;1;0;0;0;1
P_D1;S_K5;0;0;0;0;0
P_E2;P_E6;1;1;1;1;1
P_E2;R_A1;0;1;1;1;0
P_E2;S_J6;0;0;1;1;1
P_E2;R_J7;0;1;1;0;0
P_E2;R_B2;1;1;0;0;1
R_X1;S_J1;0;0;0;0;1
R_X1;P_C4;0;0;0;1;0
R_X1;P_E6;1;1;0;1;1
R_X1;R_J4;0;0;0;1;0
R_X1;S_J6;0;0;0;0;0
R_X1;S_I1;0;1;0;0;0
R_X1;R_J7;0;1;0;0;0
R_X1;S_L1;0;1;0;1;0
R_X1;R_B2;0;0;0;0;0
R_X1;P_C1;0;0;0;0;0
R_X1;S_K5;0;0;0;0;0
P_I1;P_E6;0;1;0;1;0
P_I1;R_J4;0;0;0;0;0
P_I1;R_A1;0;0;0;1;0
P_I1;R_A2;0;1;0;1;0
P_J1;S_J1;0;0;0;1;0
P_J1;P_E6;0;1;0;1;0
P_J1;R_J4;1;0;0;0;0
P_J1;R_A1;0;0;0;0;0
P_J1;S_J6;0;1;0;0;0
P_J1;S_I1;0;0;1;0;0
P_J1;R_J7;0;0;0;0;1
P_J1;R_B2;0;0;0;0;0
P_J1;S_K5;0;0;0;0;0
R_H1;S_J1;0;0;0;0;0
R_H1;P_C4;1;0;0;0;0
R_H1;P_E6;1;1;0;1;0
R_H1;R_J4;0;1;0;1;1
R_H1;R_A1;0;0;0;0;0
R_H1;S_J6;0;0;0;0;0
R_H1;R_J7;0;1;0;1;1
R_H1;S_I2;0;1;0;0;1
R_H1;S_L1;0;1;0;1;0
R_H1;R_A2;0;1;0;1;0
R_H1;R_B2;0;1;0;1;1
R_H1;P_C1;0;1;1;1;1
R_H1;S_K5;0;1;0;1;1
R_I1;S_J1;0;0;0;0;1
R_I1;P_E6;1;0;0;0;0
R_I1;R_J4;1;0;1;0;0
R_I1;S_J6;0;0;0;0;0
R_I1;R_J7;0;1;0;1;0
R_I1;R_B2;1;0;0;0;0
R_I1;S_K5;0;0;0;0;1
P_H1;S_J1;0;0;1;0;0
P_H1;P_C4;0;1;0;0;1
P_H1;P_E6;0;0;0;0;1
P_H1;R_J4;1;0;0;0;0
P_H1;R_A1;0;1;0;0;0
P_H1;S_J6;0;0;0;0;0
P_H1;S_I1;0;0;0;0;0
P_H1;R_J7;1;0;0;1;1
P_H1;S_I2;0;0;0;0;0
P_H1;S_L1;0;1;0;1;0
P_H1;R_A2;0;0;0;0;0
P_H1;R_B2;0;0;0;0;1
P_H1;P_C1;0;0;0;1;0
P_H1;S_K5;0;0;0;0;0
S_M1;P_E6;1;0;0;0;0
P_F1;P_E6;0;1;0;1;0
P_F1;R_J4;1;0;0;0;0
P_F1;R_J7;1;0;0;1;0
P_F1;R_B2;0;0;0;0;0
P_G3;P_E6;0;0;0;0;0
P_G3;R_J4;0;0;0;0;0
P_G3;R_J7;0;0;0;0;0
P_G3;R_B2;0;1;1;1;1
S_O1;S_P15;0;1;0;1;1
S_O1;S_P4;1;1;0;1;1
S_O1;S_P38;1;0;0;0;0
S_O1;S_P37;1;0;0;0;1
S_O1;S_D3;1;1;0;1;0
S_O1;S_P40;1;0;0;0;0
S_O1;S_P19;0;1;0;1;0
S_O1;S_O3;0;0;0;1;1
S_O1;S_P9;0;0;0;1;1
P_E8;S_P15;1;1;1;1;1
P_E8;S_P5;1;1;0;1;1
P_E8;S_E2;0;1;0;1;1
P_E8;S_E4;1;0;0;0;1
P_E8;S_P38;1;0;0;0;1
P_E8;S_P16;0;0;0;0;0
P_E8;S_P37;1;0;0;0;0
P_E8;S_D3;1;1;0;0;0
P_E8;S_P22;1;1;0;1;0
P_E8;S_D5;1;1;0;0;1
P_E8;S_P40;1;0;0;0;0
P_E8;S_P19;1;0;0;0;0
P_E8;S_O3;1;0;0;0;0
P_E8;S_P9;1;1;0;1;1
R_X2;S_P15;0;1;0;1;1
R_X2;S_P4;1;1;0;1;1
R_X2;S_P38;1;1;0;0;1
R_X2;S_P16;0;0;0;0;0
R_X2;S_P37;1;1;0;0;1
R_X2;S_P22;0;1;0;1;1
R_X2;S_D5;0;1;0;1;0
R_X2;S_P40;1;0;0;0;0
R_X2;S_P19;0;1;0;0;1
R_X2;S_P9;0;0;1;0;0
R_D2;S_P15;1;0;0;0;1
R_D2;S_P4;1;0;0;0;1
R_D2;S_P38;1;0;0;0;1
R_D2;S_P37;1;1;1;1;1
R_D2;S_P40;1;0;0;1;1
P_D1;S_P4;1;1;1;1;1
P_D1;S_P38;0;1;0;1;1
P_D1;S_P37;0;0;0;1;1
P_D1;S_P22;0;1;1;1;1
P_D1;S_P40;0;1;1;1;1
P_D1;S_O3;0;1;0;1;1
P_E2;S_P38;0;1;0;1;0
R_X1;S_P15;0;0;0;0;1
R_X1;S_P4;0;1;0;1;0
R_X1;S_P5;0;0;0;0;0
R_X1;S_P38;0;0;0;1;0
R_X1;S_P16;0;0;0;0;1
R_X1;S_P37;0;1;0;1;0
R_X1;S_D3;0;0;0;0;1
R_X1;S_P22;0;1;0;1;1
R_X1;S_P40;0;0;0;1;0
R_X1;S_P19;0;1;0;1;0
R_X1;S_O3;0;0;0;0;0
P_J1;S_P4;1;0;0;0;0
P_J1;S_P38;1;0;1;1;0
P_J1;S_P37;1;0;1;0;0
P_J1;S_P40;1;1;0;1;0
R_H1;S_P38;1;0;0;0;0
R_H1;S_P16;0;0;1;0;0
R_H1;S_P37;1;1;0;1;1
R_H1;S_D3;0;1;0;1;1
R_H1;S_D5;0;1;0;1;1
R_H1;S_P40;1;0;0;0;0
R_H1;S_P19;0;1;0;1;1
R_H1;S_O3;0;1;0;1;0
R_H1;S_P9;0;0;1;0;0
R_I1;S_P15;1;1;0;1;0
R_I1;S_P4;1;0;0;0;1
R_I1;S_P5;0;0;0;0;0
R_I1;S_P38;1;1;0;1;1
R_I1;S_P16;1;0;0;0;0
R_I1;S_P37;1;1;0;1;0
R_I1;S_D3;0;0;0;1;1
R_I1;S_P22;1;0;1;0;0
R_I1;S_D5;0;0;0;0;0
R_I1;S_P40;1;1;0;1;1
R_I1;S_P9;1;0;0;0;1
P_H1;S_P15;0;0;0;0;0
P_H1;S_P4;1;0;0;0;0
P_H1;S_P5;0;1;0;0;0
P_H1;S_E2;0;1;0;1;0
P_H1;S_E4;0;0;0;0;0
P_H1;S_P38;1;0;0;0;0
P_H1;S_P37;1;1;0;1;0
P_H1;S_D3;0;1;0;1;0
P_H1;S_P22;0;0;0;0;0
P_H1;S_D5;0;0;0;0;0
P_H1;S_P40;1;0;0;0;0
P_H1;S_P19;0;0;1;0;0
P_H1;S_O3;1;0;0;0;0
P_H1;S_P9;0;1;0;1;1
P_F1;S_P4;1;0;1;0;1
P_F1;S_P38;1;0;0;0;0
P_F1;S_P37;1;0;0;0;0
P_F1;S_P40;1;1;0;1;1
P_G3;S_P4;1;1;1;0;1
P_G3;S_P38;1;0;0;0;0
P_G3;S_P37;1;0;0;0;1
P_G3;S_P40;1;0;0;1;0
S_J1;P_K1;0;0;0;0;0
S_J1;R_T1;1;0;0;0;0
S_J1;S_L8;1;1;0;1;1
S_J1;S_O2;1;1;0;1;0
P_C4;R_S4;0;0;0;0;0
P_C4;S_O4;0;1;0;0;0
P_C4;R_P1;0;1;0;0;1
P_E6;P_K1;1;1;0;1;1
P_E6;S_K1;1;0;0;0;1
P_E6;S_O4;1;0;0;0;0
P_E6;R_E2;1;1;0;1;1
P_E6;R_P1;0;1;0;1;1
R_J4;S_O5;1;1;1;1;0
R_J4;R_N1;1;1;1;1;0
R_J4;R_S3;0;0;0;0;0
R_J4;P_K1;1;0;0;0;0
R_J4;S_K4;0;0;0;0;1
R_J4;S_K1;1;0;0;0;0
R_J4;R_T1;0;1;0;0;0
R_J4;R_S4;0;0;0;0;0
R_J4;S_L8;1;0;0;1;0
R_J4;S_J5;1;0;0;0;0
R_J4;S_O2;1;1;0;1;1
R_J4;S_O4;1;0;0;0;0
R_J4;R_E2;1;0;0;0;0
R_J4;R_P1;0;0;0;0;0
R_A1;R_N1;1;0;0;0;0
R_A1;R_S3;0;0;0;0;1
R_A1;P_K1;0;0;0;0;0
R_A1;S_K1;0;0;0;0;0
S_J6;R_S3;1;1;0;1;0
S_J6;R_S4;0;1;0;1;0
S_J6;S_O4;1;1;1;1;1
S_I1;R_S3;1;1;0;0;1
S_I1;R_T1;0;0;0;0;0
S_I1;S_O4;1;0;0;0;0
R_J7;S_O5;1;0;0;1;0
R_J7;R_S3;1;0;0;0;0
R_J7;P_K1;0;0;0;0;0
R_J7;R_T1;1;0;0;1;1
R_J7;R_S4;0;0;0;1;1
R_J7;S_J5;0;0;0;0;0
R_J7;S_O2;1;1;0;0;0
R_J7;S_O4;1;1;0;1;0
R_J7;R_P1;1;0;0;0;1
R_A2;R_N1;1;0;0;0;0
R_A2;R_T1;0;0;0;1;1
R_B2;R_N1;1;1;0;1;1
R_B2;R_S3;0;1;0;1;1
R_B2;S_K4;1;0;0;1;1
R_B2;R_S4;0;0;0;0;1
R_B2;S_J5;1;0;1;1;0
R_B2;S_O2;1;0;1;1;0
R_B2;S_O4;1;0;0;0;0
R_B2;R_E2;0;1;0;1;1
R_B2;R_P1;0;1;0;1;1
P_C1;R_N1;1;0;0;0;0
P_C1;S_O4;0;0;0;0;0
S_K5;R_S3;0;1;0;1;0
S_K5;R_T1;0;1;0;1;1
S_K5;R_S4;0;0;0;0;0
S_K5;S_O4;1;0;0;0;0
S_J1;S_O1;1;1;0;1;1
S_J1;P_E8;0;1;0;1;0
S_J1;P_D1;1;1;0;1;0
S_J1;R_X1;0;0;0;0;1
S_J1;P_J1;0;0;0;0;0
S_J1;R_H1;0;0;0;0;1
S_J1;R_I1;0;1;0;1;1
S_J1;P_H1;0;1;0;0;0
P_C4;S_O1;0;0;0;1;0
P_C4;P_E8;1;0;0;0;1
P_C4;R_X2;1;1;0;1;1
P_C4;P_D1;0;0;0;0;1
P_C4;R_X1;0;0;0;0;1
P_C4;R_H1;0;1;0;1;1
P_C4;P_H1;0;0;0;0;1
P_E6;S_O1;0;1;0;1;1
P_E6;P_E8;1;1;0;1;1
P_E6;R_X2;1;1;0;1;1
P_E6;R_D2;1;1;0;1;1
P_E6;P_D1;1;1;0;1;1
P_E6;P_E2;1;1;1;1;1
P_E6;R_X1;1;0;0;1;1
P_E6;P_I1;0;1;0;1;1
P_E6;P_J1;0;0;0;0;1
P_E6;R_H1;1;0;0;0;0
P_E6;R_I1;1;0;1;0;0
P_E6;P_H1;0;0;1;0;0
P_E6;S_M1;1;0;0;1;0
P_E6;P_F1;0;0;0;0;0
P_E6;P_G3;0;0;0;0;0
R_J4;S_O1;1;1;0;1;1
R_J4;P_E8;1;0;0;0;0
R_J4;R_X2;0;0;0;0;0
R_J4;R_D2;1;1;0;0;0
R_J4;P_D1;0;1;0;1;1
R_J4;P_E2;0;1;0;1;1
R_J4;R_X1;0;0;0;0;0
R_J4;P_I1;0;0;0;0;1
R_J4;P_J1;1;0;0;0;0
R_J4;R_H1;0;1;0;0;1
R_J4;R_I1;1;1;1;1;1
R_J4;P_H1;1;0;0;0;1
R_J4;P_F1;1;1;0;1;1
R_J4;P_G3;0;0;0;0;1
R_A1;P_E8;0;0;0;1;0
R_A1;P_D1;1;1;1;1;1
R_A1;P_E2;0;1;0;0;1
R_A1;P_I1;0;1;1;1;0
R_A1;R_H1;0;1;1;1;1
R_A1;P_H1;0;1;0;1;1
R_A1;S_M1;0;0;0;0;1
S_J6;S_O1;1;0;0;0;1
S_J6;P_E8;1;1;0;1;0
S_J6;R_X2;0;0;0;0;1
S_J6;R_D2;1;0;0;1;1
S_J6;P_D1;1;0;0;0;0
S_J6;P_E2;1;1;0;1;0
S_J6;R_X1;0;0;0;0;0
S_J6;P_J1;0;1;1;1;1
S_J6;R_H1;0;1;0;1;0
S_J6;R_I1;0;1;0;1;0
S_J6;P_H1;0;1;1;1;0
S_I1;S_O1;1;0;0;0;0
S_I1;P_E8;1;1;0;1;1
S_I1;P_D1;1;0;0;1;1
S_I1;R_X1;0;1;0;1;0
S_I1;P_J1;0;1;0;1;1
S_I1;R_H1;0;1;0;0;0
S_I1;R_I1;0;0;0;0;0
S_I1;P_H1;0;0;0;1;0
R_J7;S_O1;1;1;0;0;0
R_J7;P_E8;0;1;0;0;0
R_J7;R_X2;0;0;0;1;0
R_J7;R_D2;0;0;0;0;0
R_J7;P_D1;0;1;0;0;0
R_J7;P_E2;0;1;0;1;0
R_J7;R_X1;0;0;0;0;0
R_J7;P_I1;0;0;0;0;0
R_J7;P_J1;0;1;0;1;0
R_J7;R_H1;0;1;0;0;0
R_J7;R_I1;0;0;0;0;0
R_J7;P_H1;1;0;0;0;0
R_J7;P_F1;0;0;0;0;0
R_J7;P_G3;0;1;0;0;0
S_I2;P_E8;1;0;0;0;0
S_I2;P_D1;1;0;1;1;0
S_I2;R_X1;0;0;0;0;0
S_I2;R_H1;0;0;0;0;0
S_I2;P_H1;0;1;0;1;1
S_L1;P_E8;0;1;0;1;1
S_L1;P_D1;1;0;0;0;0
S_L1;R_X1;0;1;0;1;0
S_L1;R_H1;0;1;0;1;1
S_L1;P_H1;0;0;0;0;0
R_A2;P_E8;0;0;0;0;0
R_A2;P_D1;1;1;0;1;1
R_A2;P_E2;1;0;1;1;0
R_A2;P_I1;0;0;1;0;0
R_A2;R_H1;0;1;0;1;0
R_A2;P_H1;0;0;0;0;1
R_B2;S_O1;1;1;0;1;0
R_B2;P_E8;1;0;0;0;0
R_B2;R_X2;0;0;0;0;0
R_B2;R_D2;0;0;1;0;0
R_B2;P_D1;0;0;0;0;1
R_B2;P_E2;1;1;0;1;0
R_B2;R_X1;0;0;0;1;0
R_B2;P_J1;0;0;0;0;0
R_B2;R_H1;0;1;0;1;0
R_B2;R_I1;1;0;0;1;0
R_B2;P_H1;0;0;0;0;1
R_B2;P_F1;0;1;0;1;0
R_B2;P_G3;0;0;0;0;0
P_C1;S_O1;0;0;0;0;0
P_C1;P_E8;1;1;0;1;0
P_C1;P_D1;1;1;0;1;0
P_C1;R_H1;0;1;1;1;0
P_C1;R_I1;0;0;0;0;0
P_C1;P_H1;0;0;0;0;0
S_K5;P_E8;0;0;0;1;0
S_K5;R_D2;0;0;0;0;0
S_K5;P_D1;0;0;0;0;0
S_K5;P_E2;0;0;0;1;0
S_K5;R_X1;0;0;0;0;1
S_K5;P_J1;0;1;0;1;0
S_K5;R_H1;0;1;0;1;0
S_K5;R_I1;0;1;0;1;1
S_K5;P_H1;0;0;0;0;0
S_J1;P_E6;1;0;0;0;1
S_J1;R_J4;1;1;0;1;1
S_J1;R_J7;0;0;0;0;1
P_C4;P_E6;1;1;1;1;1
P_C4;R_J4;1;1;0;1;1
P_C4;R_J7;0;1;1;1;1
P_C4;R_B2;0;1;0;1;1
P_E6;P_C4;1;0;0;0;0
P_E6;P_E6;1;0;0;0;0
P_E6;R_J4;0;1;0;1;1
P_E6;R_A1;0;1;0;1;1
P_E6;S_J6;1;0;0;0;0
P_E6;S_I1;1;1;0;1;1
P_E6;R_J7;0;1;0;1;1
P_E6;S_I2;1;1;0;1;1
P_E6;S_L1;1;1;0;1;0
P_E6;R_A2;0;0;0;0;0
P_E6;R_B2;1;0;0;0;0
P_E6;P_C1;1;1;0;1;0
P_E6;S_K5;1;0;0;0;0
R_J4;S_J1;1;0;0;1;1
R_J4;P_C4;1;0;0;1;1
R_J4;P_E6;0;1;0;1;0
R_J4;R_J4;1;0;0;0;1
R_J4;R_A1;0;1;0;0;1
R_J4;S_J6;1;1;0;1;1
R_J4;S_I1;0;0;0;0;1
R_J4;S_I2;0;1;0;0;1
R_J4;S_L1;1;1;0;1;1
R_J4;R_A2;0;0;1;0;0
R_J4;R_B2;0;0;1;0;0
R_J4;P_C1;1;1;0;0;1
R_J4;S_K5;0;0;1;0;1
R_A1;P_E6;0;1;0;1;1
R_A1;R_J4;0;1;1;1;1
R_A1;R_A1;0;0;1;0;1
R_A1;R_J7;0;1;0;1;1
R_A1;R_A2;0;0;0;0;1
R_A1;R_B2;0;0;0;0;0
R_A1;P_C1;0;0;0;0;0
S_J6;P_E6;1;1;0;0;0
S_J6;R_J4;1;0;0;0;0
S_J6;R_J7;0;1;1;0;0
S_J6;R_B2;0;1;0;0;0
S_I1;P_E6;1;0;0;0;0
S_I1;R_J4;0;0;0;0;0
R_J7;S_J1;0;1;0;1;0
R_J7;P_C4;0;1;0;0;0
R_J7;P_E6;0;0;1;0;0
R_J7;R_A1;0;1;1;1;1
R_J7;S_I1;0;1;0;1;1
R_J7;R_J7;1;0;0;0;0
R_J7;S_L1;0;1;1;1;0
R_J7;R_A2;0;1;0;1;1
R_J7;R_B2;0;0;1;0;1
R_J7;P_C1;0;0;0;0;1
R_J7;S_K5;0;1;0;1;0
S_I2;P_E6;1;0;0;0;0
S_L1;P_E6;1;0;0;0;0
S_L1;R_J4;1;0;0;0;0
R_A2;P_E6;0;0;0;0;1
R_A2;R_J4;0;1;0;1;1
R_A2;R_A1;0;0;0;1;0
R_A2;R_J7;0;0;0;0;1
R_A2;R_A2;0;0;0;0;0
R_A2;R_B2;0;1;0;1;0
R_B2;S_J1;0;1;0;1;1
R_B2;R_J4;1;1;0;1;1
R_B2;R_A1;0;0;0;0;0
R_B2;S_J6;0;1;0;1;0
R_B2;R_J7;0;0;0;0;0
R_B2;S_K5;0;1;0;0;1
P_C1;R_J4;1;0;0;0;0
P_C1;R_J7;0;1;0;1;0
S_K5;P_E6;1;1;0;0;1
S_K5;R_J4;0;0;0;0;0
S_K5;R_J7;0;0;0;0;0
S_K5;R_B2;0;0;0;0;0
S_J1;S_P4;0;0;1;0;0
S_J1;S_P38;0;0;0;0;0
S_J1;S_P37;0;0;0;0;0
S_J1;S_P40;0;0;0;0;0
P_C4;S_P4;1;0;0;0;0
P_C4;S_P38;1;0;0;0;0
P_C4;S_P37;1;0;0;0;0
P_C4;S_P40;1;0;0;1;0
P_E6;S_P15;1;1;0;1;0
P_E6;S_P4;1;0;1;0;1
P_E6;S_P5;0;0;0;1;1
P_E6;S_E2;1;1;0;0;0
P_E6;S_E4;1;0;0;0;0
P_E6;S_P38;0;1;0;1;1
P_E6;S_P16;1;0;0;0;0
P_E6;S_P37;0;1;0;1;1
P_E6;S_D3;1;1;0;0;0
P_E6;S_P22;1;1;0;1;1
P_E6;S_D5;1;0;0;0;0
P_E6;S_P40;0;1;0;1;1
P_E6;S_P19;1;1;0;0;0
P_E6;S_O3;0;1;0;0;0
P_E6;S_P9;0;1;0;1;1
R_J4;S_P15;1;1;0;1;1
R_J4;S_P4;1;1;1;1;1
R_J4;S_P5;0;0;0;0;0
R_J4;S_P38;1;1;0;1;1
R_J4;S_P16;1;0;0;0;1
R_J4;S_P37;1;1;0;1;1
R_J4;S_D3;1;1;0;1;0
R_J4;S_P22;1;0;0;0;0
R_J4;S_D5;1;0;0;0;0
R_J4;S_P40;1;0;0;0;0
R_J4;S_P19;1;1;0;0;1
R_J4;S_O3;1;0;0;0;0
R_J4;S_P9;1;1;0;0;0
R_A1;S_P15;0;1;0;1;0
R_A1;S_P5;0;1;0;0;0
R_A1;S_E2;0;0;0;0;0
R_A1;S_P16;0;0;0;0;0
R_A1;S_P22;1;1;0;1;0
R_A1;S_P40;0;0;0;0;0
R_A1;S_P19;0;0;0;0;1
R_A1;S_O3;0;0;0;0;0
S_J6;S_P4;0;1;0;0;0
S_J6;S_P38;1;0;0;0;0
S_J6;S_P37;1;1;0;1;0
S_J6;S_P40;1;0;0;0;1
S_I1;S_P4;0;0;0;0;0
S_I1;S_P38;0;0;0;0;0
S_I1;S_P37;0;0;0;0;0
S_I1;S_P40;0;1;0;1;0
S_I1;S_O3;0;0;0;0;0
R_J7;S_P15;0;0;0;0;0
R_J7;S_P4;1;1;1;1;1
R_J7;S_P5;0;1;1;1;1
R_J7;S_P38;0;1;0;1;1
R_J7;S_P16;0;0;0;0;0
R_J7;S_P37;0;1;0;0;1
R_J7;S_P22;0;1;0;1;1
R_J7;S_D5;0;0;0;1;0
R_J7;S_P40;1;1;0;1;0
R_J7;S_P19;0;0;0;0;0
R_J7;S_O3;0;0;0;0;0
R_J7;S_P9;0;0;0;0;0
S_I2;S_E2;1;1;0;1;1
S_I2;S_E4;1;0;1;0;0
S_I2;S_P22;1;0;0;0;1
S_I2;S_P9;0;1;0;1;1
S_L1;S_P15;0;0;0;0;0
R_A2;S_E2;0;1;0;1;1
R_A2;S_E4;0;1;0;1;0
R_B2;S_P15;0;1;0;1;1
R_B2;S_P38;1;0;0;0;0
R_B2;S_P16;0;0;0;0;0
R_B2;S_P37;1;1;0;1;0
R_B2;S_D3;0;0;0;0;0
R_B2;S_P22;1;1;0;1;1
R_B2;S_D5;0;1;0;1;1
R_B2;S_P40;1;1;0;1;0
R_B2;S_P19;1;0;1;0;1
P_C1;S_P4;0;1;0;1;0
P_C1;S_P38;0;0;0;0;0
P_C1;S_P37;1;0;1;1;1
P_C1;S_P40;0;1;0;1;1
S_K5;S_P4;0;1;0;1;1
S_K5;S_P38;0;1;0;1;0
S_K5;S_P37;0;0;1;0;1
S_P15;R_N1;1;0;0;0;0
S_P15;R_S3;1;0;0;0;0
S_P15;R_T1;0;1;0;1;0
S_P15;S_O4;0;1;0;1;1
S_P4;R_S3;1;1;1;1;1
S_P4;P_K1;1;1;0;1;1
S_P4;S_K4;0;1;1;0;1
S_P4;S_K1;0;1;0;1;1
S_P4;R_T1;0;1;0;1;1
S_P4;R_S4;1;1;1;1;1
S_P4;S_L8;1;0;0;1;0
S_P4;S_J5;0;1;1;1;1
S_P4;S_O2;1;1;0;0;0
S_P4;S_O4;1;1;0;0;0
S_P4;R_E2;1;1;1;0;0
S_P4;R_P1;1;0;0;0;0
S_P5;R_N1;0;0;0;0;0
S_P5;R_S3;0;0;1;0;0
S_P5;R_T1;0;1;1;1;0
S_P5;S_O4;0;0;0;0;1
S_P38;R_S3;1;1;0;1;1
S_P38;R_T1;1;1;1;1;0
S_P38;R_S4;1;0;1;0;0
S_P38;S_L8;1;1;0;0;0
S_P38;S_J5;0;1;1;0;1
S_P38;S_O2;1;0;0;0;1
S_P38;S_O4;0;1;1;1;1
S_P38;R_E2;1;1;1;1;1
S_P38;R_P1;1;1;0;1;1
S_P16;R_S3;0;0;0;0;0
S_P16;S_O2;1;1;0;1;1
S_P16;S_O4;0;0;0;0;1
S_P37;R_S3;0;0;1;1;1
S_P37;R_T1;0;1;0;1;1
S_P37;R_S4;1;1;0;0;1
S_P37;S_O4;1;0;0;0;1
S_P37;R_P1;0;1;0;1;0
S_D3;R_S3;1;0;0;0;1
S_D3;R_T1;0;0;1;0;0
S_D3;S_O4;1;1;0;1;0
S_P22;R_S3;1;1;0;0;0
S_P22;R_T1;0;1;0;1;0
S_P22;R_S4;0;1;0;0;1
S_P22;S_O4;0;0;0;1;1
S_D5;R_S3;1;0;0;1;1
S_D5;R_T1;0;1;0;1;0
S_D5;S_O4;1;0;0;0;0
S_P40;R_S3;1;1;0;1;0
S_P40;R_T1;1;0;0;0;0
S_P40;R_S4;1;0;0;0;0
S_P40;S_L8;0;0;0;0;0
S_P40;S_O4;1;0;0;0;0
S_P40;R_P1;1;1;0;1;1
S_P19;R_S3;1;0;0;0;0
S_P19;R_T1;0;0;0;0;0
S_P19;R_S4;0;0;0;0;0
S_P19;S_O4;0;0;0;0;0
S_P9;R_S3;0;0;0;1;0
S_P9;S_O4;0;0;0;0;1
S_P15;S_O1;0;0;0;0;0
S_P15;P_E8;1;0;1;0;0
S_P15;R_X2;0;1;0;1;0
S_P15;R_X1;0;1;0;1;1
S_P15;R_H1;0;1;0;1;1
S_P15;R_I1;1;1;0;1;1
S_P15;P_H1;0;0;0;0;0
S_P4;S_O1;1;0;0;1;0
S_P4;P_E8;1;0;0;0;0
S_P4;R_X2;1;0;0;0;0
S_P4;R_D2;1;0;0;1;0
S_P4;P_D1;0;0;0;0;0
S_P4;P_E2;1;0;0;0;0
S_P4;R_X1;0;0;0;0;0
S_P4;P_J1;1;0;0;0;0
S_P4;R_H1;0;1;0;1;0
S_P4;R_I1;1;0;0;0;0
S_P4;P_H1;1;1;0;1;1
S_P4;P_F1;1;0;0;0;1
S_P4;P_G3;1;0;0;0;0
S_P5;S_O1;0;0;0;0;0
S_P5;P_E8;1;0;0;0;0
S_P5;P_D1;0;0;0;0;0
S_P5;R_X1;0;0;0;0;1
S_P5;P_J1;0;0;0;0;1
S_P5;R_H1;0;0;0;1;0
S_P5;R_I1;0;0;0;1;1
S_P5;P_H1;0;0;0;0;0
S_P5;P_F1;0;0;0;0;0
S_P5;P_G3;0;0;0;0;0
S_E2;P_E8;1;0;0;0;0
S_E2;R_H1;0;0;0;0;1
S_E2;P_H1;0;0;0;0;1
S_E4;P_E8;0;0;0;0;0
S_E4;P_E2;0;0;0;0;0
S_E4;R_H1;0;0;0;0;0
S_E4;P_H1;0;0;0;0;0
S_P38;S_O1;1;0;0;0;0
S_P38;P_E8;1;0;0;0;0
S_P38;R_X2;1;1;0;1;1
S_P38;R_D2;1;0;0;1;0
S_P38;P_D1;0;0;0;1;0
S_P38;R_X1;0;0;0;0;0
S_P38;P_J1;1;1;1;1;1
S_P38;R_H1;0;1;0;1;1
S_P38;R_I1;1;1;0;1;1
S_P38;P_H1;1;1;0;1;1
S_P38;P_F1;1;1;1;1;1
S_P38;P_G3;1;0;0;0;0
S_P16;P_E8;1;1;0;1;0
S_P16;R_X2;0;0;0;0;0
S_P16;P_D1;0;0;1;0;1
S_P16;R_X1;0;0;0;1;1
S_P16;R_I1;1;1;0;1;1
S_P16;P_H1;0;1;0;0;0
S_P37;S_O1;1;1;0;0;0
S_P37;P_E8;1;1;0;0;0
S_P37;R_X2;1;1;0;0;1
S_P37;R_D2;1;0;1;0;1
S_P37;P_D1;0;0;0;1;0
S_P37;P_E2;0;0;0;0;0
S_P37;P_J1;1;1;0;1;1
S_P37;R_H1;0;0;0;0;0
S_P37;R_I1;1;1;0;1;1
S_P37;P_H1;1;0;1;1;0
S_P37;P_F1;1;1;0;1;1
S_P37;P_G3;1;0;0;0;0
S_D3;S_O1;1;1;0;1;1
S_D3;P_E8;0;0;0;0;0
S_D3;R_X2;0;0;0;0;0
S_D3;P_D1;1;1;0;1;1
S_D3;R_I1;0;1;0;1;1
S_D3;P_H1;0;1;0;0;1
S_P22;P_E8;1;1;0;1;1
S_P22;R_X2;0;0;0;0;0
S_P22;R_D2;1;0;0;0;0
S_P22;P_D1;0;0;0;1;1
S_P22;R_X1;0;1;0;1;0
S_P22;R_H1;0;1;1;1;1
S_P22;R_I1;1;1;0;1;0
S_P22;P_H1;0;0;0;1;1
S_P22;P_G3;0;1;0;1;1
S_D5;S_O1;1;1;0;1;1
S_D5;P_E8;0;0;0;1;0
S_D5;R_X2;0;1;0;1;1
S_D5;R_X1;0;1;0;0;1
S_P40;S_O1;1;0;0;0;1
S_P40;P_E8;1;1;1;1;1
S_P40;R_X2;1;1;1;1;0
S_P40;R_D2;1;0;0;1;1
S_P40;P_D1;1;1;0;1;1
S_P40;P_E2;0;1;0;1;1
S_P40;R_X1;0;0;0;0;0
S_P40;P_J1;1;0;0;0;0
S_P40;R_H1;1;1;0;1;1
S_P40;P_H1;1;1;0;0;0
S_P40;P_F1;1;1;0;0;0
S_P40;P_G3;1;0;0;0;0
S_P19;P_E8;1;0;0;1;0
S_P19;R_X2;0;1;0;1;0
S_P19;P_D1;0;0;0;0;0
S_P19;R_X1;0;1;0;1;0
S_P19;R_H1;0;1;0;1;0
S_P19;R_I1;1;1;0;1;0
S_P19;P_H1;0;1;0;1;1
S_O3;P_E8;1;0;0;1;1
S_O3;R_X2;0;1;1;1;1
S_O3;P_D1;0;1;0;0;1
S_O3;R_X1;0;1;0;1;1
S_O3;R_H1;0;1;0;1;1
S_O3;P_H1;1;1;0;1;1
S_P9;S_O1;0;1;0;1;1
S_P9;P_E8;1;1;0;0;1
S_P9;R_X2;0;0;0;0;1
S_P9;R_H1;0;0;0;1;0
S_P9;P_H1;0;0;0;0;1
S_P15;P_E6;1;1;1;0;0
S_P15;R_J4;1;0;0;1;1
S_P15;R_J7;0;0;0;0;0
S_P15;R_B2;1;1;0;1;1
S_P4;S_J1;0;1;0;1;1
S_P4;P_C4;1;0;0;0;1
S_P4;P_E6;1;0;0;0;0
S_P4;R_J4;1;0;0;0;0
S_P4;S_J6;1;0;1;0;0
S_P4;R_J7;1;0;0;0;0
S_P4;R_B2;1;1;1;1;0
S_P4;P_C1;0;1;0;1;1
S_P4;S_K5;0;1;0;1;0
S_P5;P_E6;0;1;1;0;0
S_P5;R_J4;1;0;0;0;0
S_P5;R_B2;0;0;0;0;0
S_E2;P_E6;1;0;0;0;0
S_E2;R_A1;0;0;0;0;1
S_E4;P_E6;1;1;0;1;0
S_E4;R_A1;0;1;0;1;1
S_P38;S_J1;0;0;0;0;0
S_P38;P_C4;1;0;0;0;0
S_P38;P_E6;0;1;0;1;0
S_P38;R_J4;1;1;0;1;0
S_P38;R_A1;0;0;0;0;0
S_P38;S_J6;1;0;0;1;0
S_P38;S_I1;0;0;0;0;0
S_P38;R_J7;0;0;0;0;0
S_P38;R_B2;1;0;0;0;0
S_P38;S_K5;0;0;0;0;0
S_P16;P_E6;1;0;0;0;0
S_P16;R_J4;1;0;1;0;0
S_P16;R_A1;0;0;1;0;0
S_P16;R_J7;0;0;0;1;0
S_P16;R_B2;0;0;0;0;0
S_P37;S_J1;0;1;0;0;0
S_P37;P_C4;1;0;0;0;0
S_P37;P_E6;0;0;0;0;0
S_P37;R_J4;1;1;0;1;1
S_P37;R_A1;0;1;0;1;1
S_P37;S_J6;1;1;0;1;1
S_P37;S_I1;0;1;0;1;0
S_P37;R_B2;1;1;0;1;0
S_P37;P_C1;1;0;0;1;1
S_P37;S_K5;0;1;0;1;0
S_D3;P_E6;1;0;0;0;1
S_D3;R_J4;1;0;0;0;1
S_D3;R_A1;0;1;0;1;1
S_D3;R_J7;0;1;0;1;1
S_D3;R_B2;0;0;0;0;0
S_P22;P_E6;1;1;0;0;0
S_P22;R_J4;1;0;0;0;0
S_P22;R_A1;1;1;0;1;1
S_P22;R_J7;0;0;0;0;0
S_P22;R_B2;1;1;0;1;1
S_D5;P_E6;1;0;0;0;0
S_D5;R_J4;1;1;1;0;1
S_D5;R_B2;0;1;0;1;1
S_P40;S_J1;0;0;1;0;0
S_P40;P_C4;1;0;0;1;0
S_P40;P_E6;0;0;0;0;0
S_P40;R_J4;1;1;0;1;0
S_P40;R_A1;0;0;0;0;0
S_P40;S_J6;1;0;0;0;0
S_P40;S_I1;0;0;0;0;0
S_P40;R_J7;0;0;0;1;0
S_P40;R_B2;1;0;0;1;0
S_P40;P_C1;0;1;0;1;1
S_P40;S_K5;0;0;0;1;0
S_P19;P_E6;1;0;0;0;0
S_P19;R_J4;1;0;0;0;0
S_P19;R_A1;0;0;0;0;0
S_P19;R_J7;0;1;0;0;0
S_P19;R_B2;0;0;0;0;1
S_O3;P_E6;0;0;0;0;1
S_O3;R_J4;1;0;0;0;1
S_O3;R_J7;0;0;0;1;1
S_P9;P_E6;0;1;0;1;1
S_P9;R_J4;1;1;0;0;0
S_P9;R_J7;0;1;0;1;0
S_P15;S_P4;1;1;0;1;0
S_P4;S_P15;1;1;0;1;1
S_P4;S_P4;1;1;0;1;1
S_P4;S_P38;1;1;0;1;0
S_P4;S_P16;1;1;0;1;0
S_P4;S_D3;0;0;0;1;0
S_P4;S_P22;1;1;1;1;1
S_P4;S_D5;0;1;0;1;1
S_P4;S_P40;1;1;0;1;0
S_P4;S_P19;1;1;0;1;0
S_P4;S_P9;0;0;0;0;0
S_P5;S_P4;0;1;0;1;1
S_P38;S_P4;1;1;1;0;1
S_P38;S_P5;0;0;0;0;1
S_P38;S_P38;1;1;0;1;0
S_P38;S_P16;0;1;0;1;0
S_P38;S_D3;0;0;1;0;1
S_P38;S_P22;1;1;0;1;1
S_P38;S_D5;0;0;0;0;0
S_P38;S_P19;0;1;0;1;0
S_P16;S_P4;0;1;1;1;1
S_P16;S_P38;0;0;0;0;0
S_D3;S_P4;1;0;0;1;1
S_D3;S_P38;0;0;0;0;0
S_P22;S_P4;1;0;0;1;0
S_P22;S_P38;1;1;0;1;0
S_D5;S_P4;0;0;0;1;1
S_D5;S_P38;0;1;0;1;0
S_P40;S_P4;1;0;0;0;1
S_P40;S_P40;1;0;0;0;1
S_P19;S_P4;1;0;0;0;1
S_P19;S_P38;1;0;0;0;1
S_P9;S_P4;0;0;0;0;1
